{
    "manufacturer": "Lyso1",
    "keyboard_name": "tako_xt",
    "maintainer": "Lyso1",
    "bootloader": "rp2040",
    "diode_direction": "COL2ROW",
    "features": {
        "bootmagic": true,
        "command": false,
        "console": false,
        "extrakey": true,
        "mousekey": true,
        "nkro": true
    },
    "matrix_pins": {
        "cols": ["GP10", "GP11", "GP18", "GP27", "GP28", "GP29", "GP26", "GP25", "GP24", "GP23", "GP22", "GP21", "GP20", "GP19", "GP15", "GP13", "GP8", "GP0", "GP1", "GP7"],
        "rows": ["GP2",  "GP3",  "GP6",  "GP17", "GP9",  "GP12"]
    },
    "processor": "RP2040",
    "url": "",
    "usb": {
        "device_version": "4.2.0",
        "pid": "0x6177",
        "vid": "0x7856"
    },
    "indicators":{
        "caps_lock": "GP5"
        "scroll_lock": "GP4"
    },
    "layouts": {
        "LAYOUT_xt_all": {
            "layout": [
                { "matrix": [0, 0], "x": 0.0, "y": 0.0 },
                { "matrix": [0, 1], "x": 1.0, "y": 0.0 },
                { "matrix": [0, 2], "x": 2.25, "y": 0.0 },
                { "matrix": [0, 3], "x": 3.5, "y": 0.0 },
                { "matrix": [0, 4], "x": 4.5, "y": 0.0 },
                { "matrix": [0, 5], "x": 5.5, "y": 0.0 },
                { "matrix": [0, 6], "x": 6.5, "y": 0.0 },
                { "matrix": [0, 7], "x": 7.75, "y": 0.0 },
                { "matrix": [0, 8], "x": 8.75, "y": 0.0 },
                { "matrix": [0, 9], "x": 9.75, "y": 0.0 },
                { "matrix": [0, 10], "x": 10.75, "y": 0.0 },
                { "matrix": [0, 11], "x": 12.0, "y": 0.0 },
                { "matrix": [0, 12], "x": 13.0, "y": 0.0 },
                { "matrix": [0, 13], "x": 14.0, "y": 0.0 },
                { "matrix": [0, 14], "x": 15.0, "y": 0.0 },
                { "matrix": [0, 15], "x": 16.25, "y": 0.0 },
                { "matrix": [0, 17], "x": 17.5, "y": 0.0 },
                { "matrix": [0, 18], "x": 18.5, "y": 0.0 },
                { "matrix": [0, 19], "x": 19.5, "y": 0.0 },
                { "matrix": [1, 0], "x": 0.0, "y": 1.25 },
                { "matrix": [1, 1], "x": 1.0, "y": 1.25 },
                { "matrix": [1, 2], "x": 2.25, "y": 1.25 },
                { "matrix": [1, 3], "x": 3.25, "y": 1.25 },
                { "matrix": [1, 4], "x": 4.25, "y": 1.25 },
                { "matrix": [1, 5], "x": 5.25, "y": 1.25 },
                { "matrix": [1, 6], "x": 6.25, "y": 1.25 },
                { "matrix": [1, 7], "x": 7.25, "y": 1.25 },
                { "matrix": [1, 8], "x": 8.25, "y": 1.25 },
                { "matrix": [1, 9], "x": 9.25, "y": 1.25 },
                { "matrix": [1, 10], "x": 10.25, "y": 1.25 },
                { "matrix": [1, 11], "x": 11.25, "y": 1.25 },
                { "matrix": [1, 12], "x": 12.25, "y": 1.25 },
                { "matrix": [1, 13], "x": 13.25, "y": 1.25 },
                { "matrix": [1, 14], "x": 14.25, "y": 1.25 },
                { "matrix": [1, 15], "x": 15.25, "y": 1.25 },
                { "matrix": [1, 16], "x": 16.25, "y": 1.25 },
                { "matrix": [1, 17], "x": 17.5, "y": 1.25 },
                { "matrix": [1, 18], "x": 18.5, "y": 1.25 },
                { "matrix": [1, 19], "x": 19.5, "y": 1.25 },
                { "matrix": [2, 0], "x": 0.0, "y": 2.25 },
                { "matrix": [2, 1], "x": 1.0, "y": 2.25 },
                { "matrix": [2, 2], "w": 1.5, "x": 2.25, "y": 2.25 },
                { "matrix": [2, 3], "x": 3.75, "y": 2.25 },
                { "matrix": [2, 4], "x": 4.75, "y": 2.25 },
                { "matrix": [2, 5], "x": 5.75, "y": 2.25 },
                { "matrix": [2, 6], "x": 6.75, "y": 2.25 },
                { "matrix": [2, 7], "x": 7.75, "y": 2.25 },
                { "matrix": [2, 8], "x": 8.75, "y": 2.25 },
                { "matrix": [2, 9], "x": 9.75, "y": 2.25 },
                { "matrix": [2, 10], "x": 10.75, "y": 2.25 },
                { "matrix": [2, 11], "x": 11.75, "y": 2.25 },
                { "matrix": [2, 12], "x": 12.75, "y": 2.25 },
                { "matrix": [2, 13], "x": 13.75, "y": 2.25 },
                { "matrix": [2, 14], "x": 14.75, "y": 2.25 },
                { "matrix": [2, 15], "w": 1.5, "x": 15.75, "y": 2.25 },
                { "matrix": [2, 17], "x": 17.5, "y": 2.25 },
                { "matrix": [2, 18], "x": 18.5, "y": 2.25 },
                { "matrix": [2, 19], "x": 19.5, "y": 2.25 },
                { "matrix": [3, 0], "x": 0.0, "y": 3.25 },
                { "matrix": [3, 1], "x": 1.0, "y": 3.25 },
                { "matrix": [3, 2], "w": 1.75, "x": 2.25, "y": 3.25 },
                { "matrix": [3, 3], "x": 4.0, "y": 3.25 },
                { "matrix": [3, 4], "x": 5.0, "y": 3.25 },
                { "matrix": [3, 5], "x": 6.0, "y": 3.25 },
                { "matrix": [3, 6], "x": 7.0, "y": 3.25 },
                { "matrix": [3, 7], "x": 8.0, "y": 3.25 },
                { "matrix": [3, 8], "x": 9.0, "y": 3.25 },
                { "matrix": [3, 9], "x": 10.0, "y": 3.25 },
                { "matrix": [3, 10], "x": 11.0, "y": 3.25 },
                { "matrix": [3, 11], "x": 12.0, "y": 3.25 },
                { "matrix": [3, 12], "x": 13.0, "y": 3.25 },
                { "matrix": [3, 13], "x": 14.0, "y": 3.25 },
                { "matrix": [3, 15], "w": 2.25, "x": 15.0, "y": 3.25 },
                { "matrix": [4, 0], "x": 0.0, "y": 4.25 },
                { "matrix": [4, 1], "x": 1.0, "y": 4.25 },
                { "matrix": [4, 2], "w": 1.25, "x": 2.25, "y": 4.25 },
                { "matrix": [4, 3], "x": 3.5, "y": 4.25 },
                { "matrix": [4, 4], "x": 4.5, "y": 4.25 },
                { "matrix": [4, 5], "x": 5.5, "y": 4.25 },
                { "matrix": [4, 6], "x": 6.5, "y": 4.25 },
                { "matrix": [4, 7], "x": 7.5, "y": 4.25 },
                { "matrix": [4, 8], "x": 8.5, "y": 4.25 },
                { "matrix": [4, 9], "x": 9.5, "y": 4.25 },
                { "matrix": [4, 10], "x": 10.5, "y": 4.25 },
                { "matrix": [4, 11], "x": 11.5, "y": 4.25 },
                { "matrix": [4, 12], "x": 12.5, "y": 4.25 },
                { "matrix": [4, 13], "x": 13.5, "y": 4.25 },
                { "matrix": [4, 14], "w": 1.75, "x": 14.5, "y": 4.25 },
                { "matrix": [4, 15], "x": 16.25, "y": 4.25 },
                { "matrix": [4, 18], "x": 18.5, "y": 4.25 },
                { "matrix": [5, 0], "x": 0.0, "y": 5.25 },
                { "matrix": [5, 1], "x": 1.0, "y": 5.25 },
                { "matrix": [5, 2], "w": 1.5, "x": 2.25, "y": 5.25 },
                { "matrix": [5, 3], "x": 3.75, "y": 5.25 },
                { "matrix": [5, 4], "w": 1.5, "x": 4.75, "y": 5.25 },
                { "matrix": [5, 9], "w": 7.0, "x": 6.25, "y": 5.25 },
                { "matrix": [5, 13], "w": 1.5, "x": 13.25, "y": 5.25 },
                { "matrix": [5, 14], "x": 14.75, "y": 5.25 },
                { "matrix": [5, 15], "w": 1.5, "x": 15.75, "y": 5.25 },
                { "matrix": [5, 17], "x": 17.5, "y": 5.25 },
                { "matrix": [5, 18], "x": 18.5, "y": 5.25 },
                { "matrix": [5, 19], "x": 19.5, "y": 5.25 }
            ]
        }
    }
}