{
    "manufacturer": "lyso1",
    "keyboard_name": "LCKAP6",
    "maintainer": "qmk",
    "processor": "STM32F072",
    "bootloader": "stm32-dfu",
    "usb": {
        "vid": "0x7856",
        "pid": "0x6171",
        "device_version": "4.2.0"
    },
    "features": {
        "bootmagic": true,
        "command": false,
        "console": false,
        "extrakey": true,
        "mousekey": true,
        "nkro": true
    },
    "diode_direction": "COL2ROW",
    "matrix_pins": {
        "rows": ["B7", "B5"],
        "cols": ["B3", "B4", "B6"]
    },
    "rgblight": {
        "led_count": 6,
        "pin": "A9",
        "hue_steps": 10,
        "saturation_steps": 17,
        "brightness_steps": 17,
        "animations": {
            "alternating": true,
            "breathing": true,
            "christmas": true,
            "knight": true,
            "rainbow_mood": true,
            "rainbow_swirl": true,
            "snake": true,
            "static_gradient": true,
            "twinkle": true
        }
    },
    "layouts": {
        "LAYOUT": {
            "layout": [
                { "matrix": [0, 0], "x": 0, "y": 0 },
                { "matrix": [0, 1], "x": 1, "y": 0 },
                { "matrix": [0, 2], "x": 2, "y": 0 },
                { "matrix": [1, 0], "x": 0, "y": 1 },
                { "matrix": [1, 1], "x": 1, "y": 1 },
                { "matrix": [1, 2], "x": 2, "y": 1 }
            ]
        }
    }
}