{
  "name": "tako_xt",
  "vendorId": "0x7856",
  "productId": "0x6177",
  "lighting": "none",
  "matrix": {
    "rows": 6,
    "cols": 20
  },
  "layouts": {
    "labels": [
      "Stepped Caps",
      "Split Lshift",
      "Split Backspace",
      "ISO",
      "Split Rshift"
    ],
    "keymap": [
      [
        {
          "y": 0.25,
          "x": 2.5
        },
        "0,0",
        "0,1",
        {
          "x": 0.25
        },
        "0,2",
        {
          "x": 0.25
        },
        "0,3",
        "0,4",
        "0,5",
        "0,6",
        {
          "x": 0.25
        },
        "0,7",
        "0,8",
        "0,9",
        "0,10",
        {
          "x": 0.25
        },
        "0,11",
        "0,12",
        "0,13",
        "0,14",
        {
          "x": 0.25
        },
        "0,15",
        {
          "x": 0.25
        },
        "0,17",
        "0,18",
        "0,19"
      ],
      [
        {
          "y": 0.25,
          "x": 2.5
        },
        "1,0",
        "1,1",
        {
          "x": 0.25
        },
        "1,2",
        "1,3",
        "1,4",
        "1,5",
        "1,6",
        "1,7",
        "1,8",
        "1,9",
        "1,10",
        "1,11",
        "1,12",
        "1,13",
        "1,14",
        {
          "w": 2
        },
        "1,15\n\n\n2,0",
        {
          "x": 0.25
        },
        "1,17",
        "1,18",
        "1,19",
        {
          "x": 1
        },
        "1,15\n\n\n2,1",
        "1,16\n\n\n2,1"
      ],
      [
        {
          "x": 2.5
        },
        "2,0",
        "2,1",
        {
          "x": 0.25,
          "w": 1.5
        },
        "2,2",
        "2,3",
        "2,4",
        "2,5",
        "2,6",
        "2,7",
        "2,8",
        "2,9",
        "2,10",
        "2,11",
        "2,12",
        "2,13",
        "2,14",
        {
          "w": 1.5
        },
        "2,15\n\n\n3,0",
        {
          "x": 0.25
        },
        "2,17",
        "2,18",
        "2,19",
        {
          "x": 1.75,
          "w": 1.25,
          "h": 2,
          "w2": 1.5,
          "h2": 1,
          "x2": -0.25
        },
        "2,15\n\n\n3,1"
      ],
      [
        {
          "w": 1.25,
          "w2": 1.75,
          "l": true
        },
        "3,2\n\n\n0,1",
        {
          "x": 1.25
        },
        "3,0",
        "3,1",
        {
          "x": 0.25,
          "w": 1.75
        },
        "3,2\n\n\n0,0",
        "3,3",
        "3,4",
        "3,5",
        "3,6",
        "3,7",
        "3,8",
        "3,9",
        "3,10",
        "3,11",
        "3,12",
        "3,13",
        {
          "w": 2.25
        },
        "3,15\n\n\n3,0",
        {
          "x": 4
        },
        "3,14\n\n\n3,1"
      ],
      [
        {
          "w": 1.25
        },
        "4,2\n\n\n1,1",
        "4,3\n\n\n1,1",
        {
          "x": 0.25
        },
        "4,0",
        "4,1",
        {
          "x": 0.25,
          "w": 2.25
        },
        "4,2\n\n\n1,0",
        "4,4",
        "4,5",
        "4,6",
        "4,7",
        "4,8",
        "4,9",
        "4,10",
        "4,11",
        "4,12",
        "4,13",
        {
          "w": 2.75
        },
        "4,14\n\n\n4,0",
        {
          "x": 1.25
        },
        "4,18",
        {
          "x": 1.25,
          "w": 1.75
        },
        "4,14\n\n\n4,1",
        "4,15\n\n\n4,1"
      ],
      [
        {
          "x": 2.5
        },
        "5,0",
        "5,1",
        {
          "x": 0.25,
          "w": 1.5
        },
        "5,2",
        "5,3",
        {
          "w": 1.5
        },
        "5,4",
        {
          "w": 7
        },
        "5,9",
        {
          "w": 1.5
        },
        "5,13",
        "5,14",
        {
          "w": 1.5
        },
        "5,15",
        {
          "x": 0.25
        },
        "5,17",
        "5,18",
        "5,19"
      ]
    ]
  }
}